Date,Open,High,Low,Close,Volume
2024-03-22,19.79412651062012,19.970161532996148,19.793149077147,19.843026164241824,2100.0
2024-03-25,19.745227813720703,19.755007743995005,19.7256679531721,19.755007743995005,1200.0
2024-03-26,19.78434562683105,19.78434562683105,19.78434562683105,19.78434562683105,400.0
2024-03-27,19.8332462310791,19.852804227194323,19.77456664674027,19.852804227194323,3700.0
2024-03-28,19.769678115844727,19.846938264786825,19.76478721769349,19.79412701060761,3800.0
2024-04-01,19.637651443481445,19.75500874740298,19.618091581939343,19.75500874740298,800.0
2024-04-02,19.46161460876465,19.46161460876465,19.46161460876465,19.46161460876465,100.0
2024-04-03,19.58875274658203,19.58875274658203,19.58875274658203,19.58875274658203,300.0
2024-04-04,19.355993270874023,20.01905682243756,19.355993270874023,19.62786896894864,10700.0
2024-04-05,19.32763290405273,19.334478668215723,19.197561519625097,19.217121378756733,7900.0
2024-04-08,19.38337516784668,19.43227481243941,19.38337516784668,19.43227481243941,100.0
2024-04-09,19.36577606201172,19.36577606201172,19.36577606201172,19.36577606201172,0.0
2024-04-10,19.119325637817383,19.119325637817383,19.08118521487218,19.08118521487218,800.0
2024-04-11,19.20734214782715,19.20734214782715,19.20734214782715,19.20734214782715,300.0
2024-04-12,18.874834060668945,18.92666788146769,18.874834060668945,18.92666788146769,1700.0
2024-04-15,18.74769592285156,18.88461120590153,18.74769592285156,18.865053212130704,1400.0
2024-04-16,18.579486846923828,18.579486846923828,18.579486846923828,18.579486846923828,0.0
2024-04-17,18.577531814575195,18.577531814575195,18.577531814575195,18.577531814575195,100.0
2024-04-18,18.468978881835938,18.468978881835938,18.468978881835938,18.468978881835938,0.0
2024-04-19,18.278270721435547,18.317388574789653,18.268490791764307,18.317388574789653,1300.0
2024-04-22,18.395626068115234,18.42496585700341,18.27827064322422,18.288050572853614,7500.0
2024-04-23,18.59904289245605,18.59904289245605,18.53254198685568,18.5716598374446,600.0
2024-04-24,18.664569854736328,18.664569854736328,18.664569854736328,18.664569854736328,0.0
2024-04-25,18.410297393798828,18.410297393798828,18.410297393798828,18.410297393798828,0.0
2024-04-26,18.55210304260254,18.55210304260254,18.55210304260254,18.55210304260254,100.0
2024-04-29,18.60002326965332,18.60002326965332,18.58242014083565,18.58242014083565,100.0
2024-04-30,18.348682403564453,18.454304893121098,18.348682403564453,18.454304893121098,100.0
2024-05-01,18.37802505493164,18.37802505493164,18.37802505493164,18.37802505493164,100.0
2024-05-02,18.64892196655273,18.64892196655273,18.64892196655273,18.64892196655273,0.0
2024-05-03,18.86896705627441,18.86896705627441,18.82593573419624,18.82593573419624,100.0
2024-05-06,19.001968383789062,19.001968383789062,19.001968383789062,19.001968383789062,200.0
2024-05-07,19.08998680114746,19.08998680114746,19.08998680114746,19.08998680114746,0.0
2024-05-08,19.06064796447754,19.06064796447754,19.06064796447754,19.06064796447754,500.0
2024-05-09,19.119325637817383,19.119325637817383,19.04108805970857,19.04304479192697,500.0
2024-05-10,19.13888359069824,19.13888359069824,19.13888359069824,19.13888359069824,300.0
2024-05-13,19.14964485168457,19.15844734958519,19.14964485168457,19.15844734958519,100.0
2024-05-14,19.266021728515625,19.266021728515625,19.266021728515625,19.266021728515625,100.0
2024-05-15,19.618087768554688,19.618087768554688,19.618087768554688,19.618087768554688,200.0
2024-05-16,19.596576690673828,19.62787134968261,19.596576690673828,19.62787134968261,300.0
2024-05-17,19.623958587646484,19.623958587646484,19.623958587646484,19.623958587646484,100.0
2024-05-20,19.61417961120605,19.61417961120605,19.61417961120605,19.61417961120605,100.0
2024-05-21,19.59853172302246,19.60830978753311,19.59853172302246,19.60830978753311,500.0
2024-05-22,19.427387237548828,19.490955853724746,19.427387237548828,19.490955853724746,300.0
2024-05-23,19.46161460876465,19.46161460876465,19.46161460876465,19.46161460876465,100.0
2024-05-24,19.55550193786621,19.55550193786621,19.55550193786621,19.55550193786621,0.0
2024-05-28,19.44792366027832,19.44792366027832,19.44792366027832,19.44792366027832,100.0
2024-05-29,19.19756507873535,19.19756507873535,19.19756507873535,19.19756507873535,0.0
2024-05-30,19.308074951171875,19.308074951171875,19.308074951171875,19.308074951171875,100.0
2024-05-31,19.38337516784668,19.38337516784668,19.38337516784668,19.38337516784668,100.0
2024-06-03,19.40391540527344,19.40391540527344,19.40391540527344,19.40391540527344,100.0
2024-06-04,19.46161460876465,19.46161460876465,19.46161460876465,19.46161460876465,200.0
2024-06-05,19.5789737701416,19.5789737701416,19.5789737701416,19.5789737701416,800.0
2024-06-06,19.66405487060547,19.66405487060547,19.60830945797872,19.60830945797872,800.0
2024-06-07,19.509536743164062,19.509536743164062,19.509536743164062,19.509536743164062,100.0
2024-06-10,19.53496360778809,19.53496360778809,19.53496360778809,19.53496360778809,100.0
2024-06-11,19.43227767944336,19.43227767944336,19.43227767944336,19.43227767944336,100.0
2024-06-12,19.67677116394043,19.67677116394043,19.67677116394043,19.67677116394043,500.0
2024-06-13,19.46650695800781,19.46650695800781,19.46650695800781,19.46650695800781,100.0
2024-06-14,19.28558158874512,19.28558158874512,19.28558158874512,19.28558158874512,100.0
2024-06-17,19.28558158874512,19.28558158874512,19.28558158874512,19.28558158874512,100.0
2024-06-18,19.354040145874023,19.354040145874023,19.354040145874023,19.354040145874023,300.0
2024-06-20,19.25428581237793,19.266022474871527,19.25428581237793,19.266022474871527,1100.0
2024-06-21,19.146709442138672,19.146709442138672,19.146709442138672,19.146709442138672,0.0
2024-06-24,19.25526237487793,19.25526237487793,19.25526237487793,19.25526237487793,0.0
2024-06-25,19.286561965942383,19.286561965942383,19.286561965942383,19.286561965942383,0.0
2024-06-26,19.22983741760254,19.22983741760254,19.22983741760254,19.22983741760254,0.0
2024-06-27,19.221960067749023,19.234764026557425,19.221960067749023,19.234764026557425,600.0
2024-06-28,19.246580123901367,19.246580123901367,19.246580123901367,19.246580123901367,0.0
2024-07-01,19.147106170654297,19.147106170654297,19.147106170654297,19.147106170654297,100.0
2024-07-02,19.251502990722656,19.25938148124691,19.251502990722656,19.25938148124691,600.0
2024-07-03,19.56075859069824,19.56075859069824,19.56075859069824,19.56075859069824,100.0
2024-07-05,19.65727806091309,19.65727806091309,19.65727806091309,19.65727806091309,100.0
2024-07-08,19.58341217041016,19.58341217041016,19.58341217041016,19.58341217041016,100.0
2024-07-09,19.59916877746582,19.59916877746582,19.59916877746582,19.59916877746582,0.0
2024-07-10,19.854251861572266,19.854251861572266,19.854251861572266,19.854251861572266,100.0
2024-07-11,19.865089416503903,19.884787526585388,19.865089416503903,19.884787526585388,100.0
2024-07-12,19.980318069458008,19.980318069458008,19.980318069458008,19.980318069458008,100.0
2024-07-15,19.86213111877441,19.86213111877441,19.86213111877441,19.86213111877441,100.0
2024-07-16,19.96357536315918,19.96357536315918,19.96357536315918,19.96357536315918,0.0
2024-07-17,19.64841079711914,19.687805128653835,19.62871269209445,19.687805128653835,800.0
2024-07-18,19.278095245361328,19.43173709665136,19.278095245361328,19.43173709665136,200.0
2024-07-19,19.157941818237305,19.157941818237305,19.157941818237305,19.157941818237305,0.0
2024-07-22,19.313554763793945,19.313554763793945,19.313554763793945,19.313554763793945,100.0
2024-07-23,19.28400421142578,19.28400421142578,19.28400421142578,19.28400421142578,100.0
2024-07-24,19.002328872680664,19.002328872680664,19.002328872680664,19.002328872680664,100.0
2024-07-25,18.897933959960938,18.897933959960938,18.897933959960938,18.897933959960938,100.0
2024-07-26,19.11165237426757,19.11165237426757,19.11165237426757,19.11165237426757,0.0
2024-07-29,18.997404098510746,18.997404098510746,18.997404098510746,18.997404098510746,100.0
2024-07-30,19.00922393798828,19.00922393798828,19.00922393798828,19.00922393798828,0.0
2024-07-31,19.37855339050293,19.37855339050293,19.37855339050293,19.37855339050293,0.0
2024-08-01,18.81224632263184,18.81224632263184,18.81224632263184,18.81224632263184,0.0
2024-08-02,18.44586944580078,18.46655189375308,18.358214188184984,18.46655189375308,1400.0
2024-08-05,18.02335548400879,18.02335548400879,18.02335548400879,18.02335548400879,100.0
2024-08-06,18.130708694458008,18.130708694458008,18.130708694458008,18.130708694458008,0.0
2024-08-07,18.220333099365234,18.220333099365234,18.220333099365234,18.220333099365234,100.0
2024-08-08,18.64383316040039,18.64383316040039,18.49610110456744,18.49610110456744,700.0
2024-08-09,18.6714096069336,18.6714096069336,18.545344344249926,18.545344344249926,600.0
2024-08-12,18.720653533935547,18.720653533935547,18.653682593996525,18.66353164838772,900.0
2024-08-13,19.13134765625,19.13134765625,19.008237306136383,19.008237306136383,200.0
2024-08-14,19.15597343444824,19.15597343444824,19.15597343444824,19.15597343444824,100.0
2024-08-15,19.38150978088379,19.38150978088379,19.38150978088379,19.38150978088379,0.0
2024-08-16,19.480981826782227,19.480981826782227,19.480981826782227,19.480981826782227,100.0
2024-08-19,19.738037109375,19.738037109375,19.73409786359872,19.73409786359872,200.0
2024-08-20,19.77250862121582,19.77250862121582,19.70750636711093,19.717355421189247,900.0
2024-08-21,19.97736358642578,19.97736358642578,19.97736358642578,19.97736358642578,0.0
2024-08-22,19.894636154174805,19.894636154174805,19.894636154174805,19.894636154174805,100.0
2024-08-23,20.25017547607422,20.25017547607422,20.25017547607422,20.25017547607422,100.0
2024-08-26,20.119184494018555,20.119184494018555,20.119184494018555,20.119184494018555,1100.0
2024-08-27,20.19994735717773,20.219645464902605,20.1900983033153,20.19994735717773,1100.0
2024-08-28,20.10737037658692,20.10737037658692,20.10737037658692,20.10737037658692,0.0
2024-08-29,20.223583221435547,20.223583221435547,20.223583221435547,20.223583221435547,0.0
2024-08-30,20.2885856628418,20.2885856628418,20.2885856628418,20.2885856628418,200.0
2024-09-03,19.779401779174805,19.779401779174805,19.779401779174805,19.779401779174805,1800.0
2024-09-04,19.6828842163086,19.6927332701593,19.431738039402926,19.65826064242436,5600.0
2024-09-05,19.580453872680664,19.60901481033137,19.490829935866984,19.53022426785021,1300.0
2024-09-06,19.243623733520508,19.243623733520508,19.243623733520508,19.243623733520508,100.0
2024-09-09,19.462270736694336,19.462270736694336,19.462270736694336,19.462270736694336,100.0
2024-09-10,19.43272399902344,19.43272399902344,19.43272399902344,19.43272399902344,100.0
2024-09-11,19.61886405944824,19.61886405944824,19.61886405944824,19.61886405944824,0.0
2024-09-12,19.82864570617676,19.82864570617676,19.82864570617676,19.82864570617676,0.0
2024-09-13,19.884784698486328,19.894633752126293,19.884784698486328,19.894633752126293,100.0
2024-09-16,20.032516479492188,20.032516479492188,20.032516479492188,20.032516479492188,100.0
2024-09-17,19.916297912597656,19.916297912597656,19.916297912597656,19.916297912597656,0.0
2024-09-18,19.82667732238769,19.82667732238769,19.82667732238769,19.82667732238769,100.0
2024-09-19,20.25115966796875,20.25115966796875,20.25115966796875,20.25115966796875,100.0
2024-09-20,20.06403160095215,20.06403160095215,20.06403160095215,20.06403160095215,100.0
2024-09-23,20.15070152282715,20.15070152282715,20.15070152282715,20.15070152282715,0.0
2024-09-24,20.21964454650879,20.21964454650879,20.21964454650879,20.21964454650879,100.0
2024-09-25,20.07880401611328,20.07880401611328,20.07880401611328,20.07880401611328,100.0
2024-09-26,20.50643539428711,20.50643539428711,20.50643539428711,20.50643539428711,100.0
2024-09-27,20.3128662109375,20.3128662109375,20.3128662109375,20.3128662109375,100.0
2024-09-30,20.316818237304688,20.316818237304688,20.316818237304688,20.316818237304688,100.0
2024-10-01,20.19534111022949,20.19534111022949,20.19534111022949,20.19534111022949,100.0
2024-10-02,20.028440475463867,20.028440475463867,20.028440475463867,20.028440475463867,100.0
2024-10-03,19.905977249145508,19.905977249145508,19.905977249145508,19.905977249145508,100.0
2024-10-04,19.97412109375,19.97412109375,19.97412109375,19.97412109375,100.0
2024-10-07,19.88029861450196,19.88029861450196,19.88029861450196,19.88029861450196,100.0
2024-10-08,19.998809814453125,19.998809814453125,19.998809814453125,19.998809814453125,100.0
2024-10-09,20.0728816986084,20.0728816986084,20.013624605244807,20.038316002657545,700.0
2024-10-10,20.01362419128418,20.01362419128418,20.01362419128418,20.01362419128418,100.0
2024-10-11,20.10053443908692,20.10053443908692,20.10053443908692,20.10053443908692,100.0
2024-10-14,20.14596176147461,20.14596176147461,20.14596176147461,20.14596176147461,100.0
2024-10-15,19.890172958374023,19.890172958374023,19.890172958374023,19.890172958374023,0.0
2024-10-16,19.942516326904297,19.942516326904297,19.942516326904297,19.942516326904297,100.0
2024-10-17,19.86647224426269,19.86647224426269,19.86647224426269,19.86647224426269,100.0
2024-10-18,19.942516326904297,19.942516326904297,19.942516326904297,19.942516326904297,100.0
2024-10-21,19.67290306091309,19.67290306091309,19.67290306091309,19.67290306091309,100.0
2024-10-22,19.534639358520508,19.534639358520508,19.534639358520508,19.534639358520508,100.0
2024-10-23,19.24033546447754,19.24033546447754,19.24033546447754,19.24033546447754,100.0
2024-10-24,19.3627986907959,19.3627986907959,19.3627986907959,19.3627986907959,100.0
2024-10-25,19.329221725463867,19.329221725463867,19.329221725463867,19.329221725463867,100.0
2024-10-28,19.555381774902344,19.555381774902344,19.555381774902344,19.555381774902344,100.0
2024-10-29,19.46649742126465,19.46649742126465,19.46649742126465,19.46649742126465,100.0
2024-10-30,19.39045143127441,19.39045143127441,19.39045143127441,19.39045143127441,100.0
2024-10-31,19.21564674377441,19.21564674377441,19.21564674377441,19.21564674377441,100.0
2024-11-01,19.26798820495605,19.26798820495605,19.26798820495605,19.26798820495605,0.0
2024-11-04,19.28971672058105,19.28971672058105,19.28971672058105,19.28971672058105,100.0
2024-11-05,19.41810417175293,19.41810417175293,19.41810417175293,19.41810417175293,100.0
2024-11-06,19.25317573547364,19.25317573547364,19.25317573547364,19.25317573547364,100.0
2024-11-07,19.51291275024414,19.51291275024414,19.51291275024414,19.51291275024414,100.0
2024-11-08,19.380577087402344,19.380577087402344,19.380577087402344,19.380577087402344,0.0
2024-11-11,19.356874465942383,19.356874465942383,19.356874465942383,19.356874465942383,100.0
2024-11-12,19.05071830749512,19.05071830749512,19.01318957259815,19.01318957259815,300.0
2024-11-13,18.87690162658692,18.87690162658692,18.87690162658692,18.87690162658692,0.0
2024-11-14,18.808757781982425,18.808757781982425,18.808757781982425,18.808757781982425,100.0
2024-11-15,18.716909408569336,18.716909408569336,18.716909408569336,18.716909408569336,100.0
2024-11-18,18.772216796875,18.772216796875,18.772216796875,18.772216796875,0.0
2024-11-19,18.81171989440918,18.81171989440918,18.81171989440918,18.81171989440918,100.0
2024-11-20,18.82554817199707,18.82554817199707,18.82554817199707,18.82554817199707,100.0
2024-11-21,18.954923629760746,18.954923629760746,18.954923629760746,18.954923629760746,0.0
2024-11-22,19.0131893157959,19.0131893157959,18.957882325361364,18.957882325361364,700.0
2024-11-25,19.1988582611084,19.228484922420364,19.13960117110637,19.149477352773378,1100.0
2024-11-26,19.16132926940918,19.23836084822265,19.16132926940918,19.23836084822265,3200.0
2024-11-27,19.264039993286133,19.264039993286133,19.23836154362744,19.258113907412728,3100.0
2024-11-29,19.588956832885746,19.588956832885746,19.588956832885746,19.588956832885746,100.0
2024-12-02,19.653152465820312,19.653152465820312,19.653152465820312,19.653152465820312,100.0
2024-12-03,19.73808479309082,19.73808479309082,19.73808479309082,19.73808479309082,100.0
2024-12-04,19.877336502075195,19.8990629713306,19.877336502075195,19.8990629713306,200.0
2024-12-05,19.934616088867188,19.97905796494468,19.934616088867188,19.97905796494468,1000.0
2024-12-06,19.885236740112305,19.890173889067643,19.885236740112305,19.885236740112305,800.0
2024-12-09,19.850669860839844,19.959304084570743,19.850669860839844,19.959304084570743,1400.0
2024-12-10,19.53957748413086,19.53957748413086,19.53957748413086,19.53957748413086,100.0
2024-12-11,19.61858558654785,19.61858558654785,19.61858558654785,19.61858558654785,100.0
2024-12-12,19.4506950378418,19.4506950378418,19.4506950378418,19.4506950378418,300.0
2024-12-13,19.332183837890625,19.332183837890625,19.332183837890625,19.332183837890625,100.0
2024-12-16,19.315393447875977,19.315393447875977,19.315393447875977,19.315393447875977,100.0
2024-12-17,19.32230758666992,19.32230758666992,19.32230758666992,19.32230758666992,0.0
2024-12-18,18.855175018310547,19.346998731872247,18.855175018310547,19.346998731872247,200.0
2024-12-19,18.779129028320312,18.779129028320312,18.779129028320312,18.779129028320312,100.0
2024-12-20,18.818634033203125,18.932207298588327,18.67543222236084,18.67543222236084,400.0
2024-12-23,18.929243087768555,18.929243087768555,18.929243087768555,18.929243087768555,100.0
2024-12-24,18.929243087768555,18.929243087768555,18.929243087768555,18.929243087768555,100.0
2024-12-26,19.022077560424805,19.0408428704511,19.011214325841223,19.0408428704511,2000.0
2024-12-27,18.997154235839844,19.022077961972126,18.997154235839844,19.022077961972126,300.0
2024-12-30,18.864559173583984,18.864559173583984,18.864559173583984,18.864559173583984,2100.0
2024-12-31,18.766855239868164,18.872534352358844,18.766855239868164,18.872534352358844,4300.0
2025-01-02,18.771841049194336,18.94232147084544,18.703050269927044,18.822684919607006,12400.0
2025-01-03,18.88848304748535,18.92038739298776,18.83365161331191,18.84262316546833,7800.0
2025-01-06,18.93135452270508,18.992168262062627,18.93135452270508,18.96724453604532,1300.0
2025-01-07,18.900447845458984,19.101834283013204,18.900447845458984,19.101834283013204,600.0
2025-01-08,18.84860610961914,18.84860610961914,18.79277635542676,18.79277635542676,200.0
2025-01-10,18.59637451171875,18.63326284405335,18.59637451171875,18.63326284405335,1000.0
2025-01-13,18.50664710998535,18.50664710998535,18.49268967132688,18.49268967132688,1100.0
2025-01-14,18.556495666503903,18.556495666503903,18.53356477473905,18.53356477473905,200.0
2025-01-15,18.800752639770508,18.803743791293304,18.800752639770508,18.803743791293304,200.0
2025-01-16,18.853591918945312,18.853591918945312,18.853591918945312,18.853591918945312,100.0
2025-01-17,18.893468856811523,18.893468856811523,18.893468856811523,18.893468856811523,100.0
2025-01-21,19.2374210357666,19.2374210357666,19.2374210357666,19.2374210357666,100.0
2025-01-22,19.22645568847656,19.22645568847656,19.22645568847656,19.22645568847656,0.0
2025-01-23,19.311199188232425,19.311199188232425,19.271319703772328,19.271319703772328,200.0
2025-01-24,19.43781280517578,19.500621282596093,19.43781280517578,19.500621282596093,100.0
2025-01-27,19.410892486572266,19.410892486572266,19.410892486572266,19.410892486572266,100.0
2025-01-28,19.615270614624023,19.615270614624023,19.615270614624023,19.615270614624023,100.0
2025-01-29,19.61826133728028,19.61826133728028,19.59034646093649,19.59034646093649,300.0
2025-01-30,19.80967903137207,19.924329683526743,19.80967903137207,19.924329683526743,700.0
2025-01-31,19.715965270996094,19.86949900698025,19.715965270996094,19.86949900698025,700.0
2025-02-03,19.60131454467773,19.60131454467773,19.60131454467773,19.60131454467773,0.0
2025-02-04,19.828622817993164,19.849558976929814,19.819649363495248,19.82164409834761,1000.0
2025-02-05,20.06689643859864,20.06689643859864,20.06689643859864,20.06689643859864,0.0
2025-02-06,20.11176109313965,20.11176109313965,20.11176109313965,20.11176109313965,300.0
2025-02-07,19.92831802368164,20.05892085313988,19.92831802368164,20.05892085313988,600.0
2025-02-10,20.18952178955078,20.208465113676628,20.18952178955078,20.207466795551145,1200.0
2025-02-11,20.30018615722656,20.313147179649352,20.30018615722656,20.313147179649352,300.0
2025-02-12,20.30417251586914,20.30417251586914,20.30417251586914,20.30417251586914,100.0
2025-02-13,20.53546905517578,20.537463789922903,20.447736855911582,20.447736855911582,3800.0
2025-02-14,20.486618041992188,20.51752407047595,20.486618041992188,20.51752407047595,300.0
2025-02-18,20.574350357055664,20.574350357055664,20.574350357055664,20.574350357055664,100.0
2025-02-19,20.49160385131836,20.5274938642032,20.49160385131836,20.5274938642032,300.0
2025-02-20,20.51154327392578,20.51154327392578,20.51154327392578,20.51154327392578,100.0
2025-02-21,20.31414222717285,20.429791201436768,20.31414222717285,20.429791201436768,500.0
2025-02-24,20.210458755493164,20.210458755493164,20.210458755493164,20.210458755493164,200.0
2025-02-25,20.332088470458984,20.36798038604444,20.332088470458984,20.36798038604444,200.0
2025-02-26,20.26927947998047,20.278252934038377,20.26927947998047,20.278252934038377,400.0
2025-02-27,19.91436004638672,19.91436004638672,19.91436004638672,19.91436004638672,100.0
2025-02-28,19.90339469909668,19.90339469909668,19.90339469909668,19.90339469909668,200.0
2025-03-03,20.024024963378903,20.03299841697845,20.024024963378903,20.03299841697845,200.0
2025-03-04,20.05493354797364,20.05493354797364,20.05493354797364,20.05493354797364,0.0
2025-03-05,20.39290428161621,20.39290428161621,20.39290428161621,20.39290428161621,100.0
2025-03-06,20.12870979309082,20.28822392931209,20.12870979309082,20.28822392931209,200.0
2025-03-07,20.25731658935547,20.25731658935547,20.10876875060008,20.10876875060008,600.0
2025-03-10,19.80768585205078,19.80968058682188,19.729923522470983,19.729923522470983,900.0
2025-03-11,19.67010498046875,19.67010498046875,19.67010498046875,19.67010498046875,200.0
2025-03-12,19.72693252563477,19.72693252563477,19.72693252563477,19.72693252563477,100.0
2025-03-13,19.5714054107666,19.5714054107666,19.5714054107666,19.5714054107666,100.0
2025-03-14,19.84955787658692,19.84955787658692,19.716962210671777,19.716962210671777,300.0
2025-03-17,20.010068893432617,20.010068893432617,20.010068893432617,20.010068893432617,100.0
2025-03-18,19.834604263305664,19.834604263305664,19.834604263305664,19.834604263305664,200.0
2025-03-19,19.92931365966797,19.92931365966797,19.92931365966797,19.92931365966797,0.0
2025-03-20,19.838592529296875,19.838592529296875,19.838592529296875,19.838592529296875,100.0
2025-03-21,19.73889541625977,19.73889541625977,19.73889541625977,19.73889541625977,100.0
2025-03-24,19.77777671813965,19.77777671813965,19.77777671813965,19.77777671813965,0.0
2025-03-25,19.91535758972168,19.91535758972168,19.91535758972168,19.91535758972168,0.0
2025-03-26,19.68705177307129,19.68705177307129,19.68705177307129,19.68705177307129,100.0
2025-03-27,19.610286712646484,19.610286712646484,19.610286712646484,19.610286712646484,100.0
2025-03-28,19.285276412963867,19.285276412963867,19.285276412963867,19.285276412963867,100.0
2025-03-31,19.117786407470703,19.117786407470703,19.117786407470703,19.117786407470703,200.0
2025-04-01,19.19754409790039,19.19754409790039,19.19754409790039,19.19754409790039,100.0
2025-04-02,19.260353088378903,19.260353088378903,19.211502051837225,19.211502051837225,300.0
2025-04-03,18.73694610595703,18.73694610595703,18.73694610595703,18.73694610595703,100.0
2025-04-04,17.531614303588867,17.531614303588867,17.531614303588867,17.531614303588867,500.0
2025-04-07,17.202617645263672,17.202617645263672,17.202617645263672,17.202617645263672,100.0
2025-04-08,17.18666648864746,17.18666648864746,17.18666648864746,17.18666648864746,100.0
2025-04-09,18.575439453125,18.575439453125,17.217574516105024,17.217574516105024,600.0
2025-04-10,18.26637840270996,18.26637840270996,18.04106466296501,18.04106466296501,1000.0
2025-04-11,18.60335159301757,18.60335159301757,18.60335159301757,18.60335159301757,0.0
2025-04-14,18.87851524353028,18.87851524353028,18.87851524353028,18.87851524353028,100.0
2025-04-15,18.97821044921875,18.97821044921875,18.97821044921875,18.97821044921875,100.0
2025-04-16,18.874526977539062,18.874526977539062,18.874526977539062,18.874526977539062,100.0
2025-04-17,19.08787727355957,19.08787727355957,19.08787727355957,19.08787727355957,0.0
2025-04-21,19.013103485107425,19.042016679237044,18.94231987851216,19.042016679237044,300.0
2025-04-22,19.34010887145996,19.34010887145996,19.34010887145996,19.34010887145996,100.0
2025-04-23,19.40291786193848,19.40291786193848,19.40291786193848,19.40291786193848,100.0
2025-04-24,19.70001220703125,19.70001220703125,19.70001220703125,19.70001220703125,100.0
2025-04-25,19.77678108215332,19.77678108215332,19.77678108215332,19.77678108215332,0.0
2025-04-28,19.85553932189941,19.85553932189941,19.85553932189941,19.85553932189941,0.0
2025-04-29,19.91934394836425,19.91934394836425,19.84955675970409,19.84955675970409,200.0
2025-04-30,20.0678939819336,20.0678939819336,20.0678939819336,20.0678939819336,100.0
2025-05-01,20.01904296875,20.208466717247845,20.01904296875,20.208466717247845,200.0
2025-05-02,20.399883270263672,20.47764750440404,20.399883270263672,20.47764750440404,100.0
2025-05-05,20.41483688354492,20.41483688354492,20.41483688354492,20.41483688354492,100.0
2025-05-06,20.450729370117188,20.450729370117188,20.450729370117188,20.450729370117188,0.0
2025-05-07,20.365985870361328,20.365985870361328,20.365985870361328,20.365985870361328,100.0
2025-05-08,20.38193702697754,20.38193702697754,20.38193702697754,20.38193702697754,100.0
2025-05-09,20.347043991088867,20.347043991088867,20.347043991088867,20.347043991088867,100.0
2025-05-12,20.52250862121582,20.52250862121582,20.417827829056147,20.44773744176967,300.0
2025-05-13,20.66008949279785,20.696977823766133,20.36797970105481,20.36797970105481,1000.0
2025-05-14,20.47066879272461,20.47066879272461,20.47066879272461,20.47066879272461,200.0
2025-05-15,20.612234115600582,20.612234115600582,20.60725013127627,20.60725013127627,400.0
2025-05-16,20.766765594482425,20.766765594482425,20.72190212642899,20.72190212642899,1600.0
2025-05-19,20.86247444152832,20.86247444152832,20.86247444152832,20.86247444152832,200.0
2025-05-20,20.93724632263184,20.93724632263184,20.93724632263184,20.93724632263184,0.0
2025-05-21,20.677038192749023,20.677038192749023,20.677038192749023,20.677038192749023,100.0
2025-05-22,20.709938049316406,20.79667382826152,20.677037287531206,20.677037287531206,86400.0
2025-05-23,20.76277732849121,20.76277732849121,20.76277732849121,20.76277732849121,0.0
2025-05-27,21.169538497924805,21.169538497924805,21.06585412289249,21.06585412289249,900.0
2025-05-28,20.8784236907959,20.8784236907959,20.8784236907959,20.8784236907959,100.0
2025-05-29,20.87942314147949,20.888394694033853,20.87942314147949,20.888394694033853,100.0
2025-05-30,20.89138603210449,20.89138603210449,20.89138603210449,20.89138603210449,100.0
2025-06-02,21.142621994018555,21.142621994018555,21.142621994018555,21.142621994018555,100.0
2025-06-03,21.067848205566406,21.067848205566406,21.067848205566406,21.067848205566406,100.0
2025-06-04,21.28119850158692,21.28119850158692,21.185489268952768,21.185489268952768,600.0
2025-06-05,21.268213272094727,21.293185695088702,21.268213272094727,21.293185695088702,100.0
2025-06-06,21.334136962890625,21.334136962890625,21.32514856690124,21.32514856690124,200.0
2025-06-09,21.30616950988769,21.30616950988769,21.30616950988769,21.30616950988769,100.0
2025-06-10,21.33613586425781,21.33613586425781,21.33613586425781,21.33613586425781,100.0
2025-06-11,21.315160751342773,21.464985772840027,21.315160751342773,21.425033322834064,7300.0
2025-06-12,21.40205955505371,21.40505632222642,21.40205955505371,21.40505632222642,300.0
2025-06-13,21.07444190979004,21.07444190979004,21.07444190979004,21.07444190979004,100.0
2025-06-16,21.275205612182617,21.275205612182617,21.275205612182617,21.275205612182617,100.0
2025-06-17,21.144359588623047,21.144359588623047,21.144359588623047,21.144359588623047,100.0
2025-06-18,21.235252380371094,21.235252380371094,21.235252380371094,21.235252380371094,100.0
2025-06-20,20.947587966918945,20.947587966918945,20.947587966918945,20.947587966918945,100.0
2025-06-23,21.235252380371094,21.235252380371094,21.10540264088734,21.10540264088734,300.0
2025-06-24,21.494951248168945,21.494951248168945,21.435019716278653,21.435019716278653,200.0
2025-06-25,21.351118087768555,21.351118087768555,21.351118087768555,21.351118087768555,100.0
2025-06-26,21.60282516479492,21.60282516479492,21.43501954403044,21.43501954403044,300.0
2025-06-27,21.737667083740234,21.737667083740234,21.737667083740234,21.737667083740234,100.0
2025-06-30,21.87350845336914,21.8745067406338,21.844542881667103,21.844542881667103,300.0
2025-07-01,21.684728622436523,21.684728622436523,21.684728622436523,21.684728622436523,100.0
2025-07-02,21.61680793762207,21.61680793762207,21.61680793762207,21.61680793762207,100.0
2025-07-03,21.678735733032227,21.678735733032227,21.67474067884828,21.67474067884828,200.0
2025-07-07,21.597829818725582,21.597829818725582,21.597829818725582,21.597829818725582,100.0
2025-07-08,21.68672752380371,21.68672752380371,21.68672752380371,21.68672752380371,100.0
2025-07-09,21.73567008972168,21.73567008972168,21.701709269120933,21.701709269120933,300.0
2025-07-10,21.66974639892578,21.66974639892578,21.4749736865889,21.644775880315905,16000.0
2025-07-11,21.469980239868164,21.469980239868164,21.469980239868164,21.469980239868164,100.0
2025-07-14,21.43402099609375,21.43402099609375,21.43402099609375,21.43402099609375,100.0
2025-07-15,21.25123405456543,21.25123405456543,21.25123405456543,21.25123405456543,100.0
2025-07-16,21.44500732421875,21.44500732421875,21.44500732421875,21.44500732421875,100.0
2025-07-17,21.559873580932617,21.559873580932617,21.47996677923034,21.49495061432531,900.0
2025-07-18,21.47996711730957,21.47996711730957,21.47996711730957,21.47996711730957,100.0
2025-07-21,21.57585525512696,21.61480941530782,21.53490261526546,21.53490261526546,1300.0
2025-07-22,21.61980438232422,21.622801149242203,21.61980438232422,21.622801149242203,100.0
2025-07-23,21.952417373657227,21.952417373657227,21.952417373657227,21.952417373657227,100.0
2025-07-24,21.85053443908692,21.85053443908692,21.85053443908692,21.85053443908692,100.0
2025-07-25,21.799596786499023,21.799596786499023,21.77462436202457,21.77462436202457,400.0
2025-07-28,21.509933471679688,21.509933471679688,21.509933471679688,21.509933471679688,100.0
2025-07-29,21.449005126953125,21.449005126953125,21.449005126953125,21.449005126953125,100.0
2025-07-30,21.151351928710938,21.151351928710938,21.151351928710938,21.151351928710938,100.0
2025-07-31,20.84770393371582,20.84770393371582,20.84770393371582,20.84770393371582,100.0
2025-08-01,20.8726749420166,20.8726749420166,20.8726749420166,20.8726749420166,100.0
2025-08-04,21.206287384033203,21.206287384033203,21.206287384033203,21.206287384033203,100.0
2025-08-05,21.19529914855957,21.19529914855957,21.19529914855957,21.19529914855957,100.0
2025-08-06,21.271209716796875,21.271209716796875,21.22626202326844,21.22626202326844,1000.0
2025-08-07,21.48695945739746,21.48695945739746,21.48695945739746,21.48695945739746,100.0
2025-08-08,21.62479782104492,21.62479782104492,21.62479782104492,21.62479782104492,100.0
2025-08-11,21.3611068725586,21.3611068725586,21.3611068725586,21.3611068725586,100.0
2025-08-12,21.66974639892578,21.66974639892578,21.53590350471518,21.53590350471518,800.0
2025-08-13,21.78461265563965,21.78461265563965,21.744660206253133,21.744660206253133,1300.0
2025-08-14,21.709701538085938,21.709701538085938,21.709701538085938,21.709701538085938,100.0
2025-08-15,21.821569442749023,21.821569442749023,21.821569442749023,21.821569442749023,100.0
2025-08-18,21.87450790405273,21.87450790405273,21.852534152291348,21.852534152291348,900.0
2025-08-19,21.84454345703125,21.84454345703125,21.84454345703125,21.84454345703125,300.0
2025-08-20,21.755645751953125,21.755645751953125,21.755645751953125,21.755645751953125,100.0
2025-08-21,21.61481094360352,21.61481094360352,21.58984042403629,21.58984042403629,200.0
2025-08-22,21.9304428100586,21.950419987488868,21.59483537384676,21.59483537384676,2400.0
2025-08-25,21.681734085083008,21.681734085083008,21.681734085083008,21.681734085083008,100.0
2025-08-26,21.6997127532959,21.6997127532959,21.6997127532959,21.6997127532959,500.0
2025-08-27,21.73267364501953,22.174160509122142,21.654765319077026,21.67474249680073,9900.0
2025-08-28,21.77462387084961,21.81457822500467,21.76263870768017,21.784612459388374,3500.0
2025-08-29,21.66175651550293,21.66175651550293,21.66175651550293,21.66175651550293,100.0
2025-09-02,21.38707733154297,21.38707733154297,21.38707733154297,21.38707733154297,100.0
2025-09-03,21.45199966430664,21.45199966430664,21.39506680587876,21.405055394311944,2000.0
2025-09-04,21.670000076293945,21.670000076293945,21.670000076293945,21.670000076293945,100.0
2025-09-05,21.854999542236328,21.854999542236328,21.854999542236328,21.854999542236328,100.0
2025-09-08,22.1200008392334,22.1200008392334,22.1200008392334,22.1200008392334,100.0
2025-09-09,22.13500022888184,22.13500022888184,22.13500022888184,22.13500022888184,100.0
2025-09-10,22.090999603271484,22.1259994506836,22.09000015258789,22.1259994506836,600.0
2025-09-11,22.410999298095703,22.410999298095703,22.350000381469727,22.350000381469727,700.0
2025-09-12,22.325000762939453,22.325000762939453,22.325000762939453,22.325000762939453,300.0
2025-09-15,22.48600006103516,22.48600006103516,22.48600006103516,22.48600006103516,100.0
2025-09-16,22.530000686645508,22.530000686645508,22.440000534057617,22.440000534057617,600.0
2025-09-17,22.479999542236328,22.48500061035156,22.479999542236328,22.48500061035156,400.0
2025-09-18,22.683000564575195,22.684999465942383,22.65999984741211,22.65999984741211,1000.0
2025-09-19,22.590999603271484,22.590999603271484,22.58300018310547,22.58300018310547,800.0
2025-09-22,22.82999992370605,22.82999992370605,22.82999992370605,22.82999992370605,100.0
2025-09-23,22.722000122070312,22.722000122070312,22.722000122070312,22.722000122070312,100.0
2025-09-24,22.46999931335449,22.46999931335449,22.46999931335449,22.46999931335449,100.0
2025-09-25,22.30500030517578,22.30500030517578,22.30500030517578,22.30500030517578,100.0
2025-09-26,22.3700008392334,22.3700008392334,22.3700008392334,22.3700008392334,100.0
2025-09-29,22.520000457763672,22.520000457763672,22.520000457763672,22.520000457763672,100.0
2025-09-30,22.694000244140625,22.694000244140625,22.55500030517578,22.55500030517578,1000.0
2025-10-01,22.81999969482422,22.82999992370605,22.81999969482422,22.82999992370605,500.0
2025-10-02,22.84199905395508,22.84199905395508,22.7549991607666,22.7549991607666,500.0
2025-10-03,23.0009994506836,23.0009994506836,22.97100067138672,22.98900032043457,500.0
2025-10-06,23.222999572753903,23.222999572753903,23.222999572753903,23.222999572753903,100.0
2025-10-07,22.93600082397461,22.93600082397461,22.93600082397461,22.93600082397461,100.0
2025-10-08,22.96500015258789,22.96500015258789,22.96500015258789,22.96500015258789,100.0
2025-10-09,22.7549991607666,22.7549991607666,22.7549991607666,22.7549991607666,100.0
2025-10-10,22.36199951171875,22.36199951171875,22.36199951171875,22.36199951171875,100.0
2025-10-13,22.6200008392334,22.6200008392334,22.6200008392334,22.6200008392334,100.0
2025-10-14,22.670000076293945,22.670000076293945,22.670000076293945,22.670000076293945,100.0
2025-10-15,22.80900001525879,22.80900001525879,22.80900001525879,22.80900001525879,100.0
2025-10-16,22.915000915527344,22.940000534057617,22.82999992370605,22.940000534057617,800.0
